{
  "coward_bot": {
    "rating": 1010.4133409273157,
    "wins": 9,
    "losses": 8,
    "draws": 5
  },
  "easy": {
    "rating": 1024.6016802766053,
    "wins": 7,
    "losses": 7,
    "draws": 8
  },
  "example": {
    "rating": 923.8764885275048,
    "wins": 3,
    "losses": 10,
    "draws": 9
  },
  "hard": {
    "rating": 1040.9895951609917,
    "wins": 8,
    "losses": 4,
    "draws": 10
  },
  "hard_bot_2": {
    "rating": 1186.837486693192,
    "wins": 19,
    "losses": 1,
    "draws": 2
  },
  "kite_bot": {
    "rating": 1121.8031169600013,
    "wins": 15,
    "losses": 2,
    "draws": 5
  },
  "medium": {
    "rating": 979.7765484679629,
    "wins": 3,
    "losses": 5,
    "draws": 14
  },
  "null": {
    "rating": 942.546347480957,
    "wins": 0,
    "losses": 5,
    "draws": 17
  },
  "perigee": {
    "rating": 878.0432650176505,
    "wins": 0,
    "losses": 12,
    "draws": 10
  },
  "terror_bot": {
    "rating": 1053.4109530776327,
    "wins": 10,
    "losses": 3,
    "draws": 9
  },
  "turtle": {
    "rating": 958.4407480228524,
    "wins": 1,
    "losses": 5,
    "draws": 16
  },
  "wander": {
    "rating": 879.2604293873335,
    "wins": 1,
    "losses": 14,
    "draws": 7
  }
}